<?xml version="1.0" encoding="UTF-8"?>
<!--

  Copyright : 2012 Freescale, Inc. All Rights Reserved.

  This configuration file is a standard interchange file that's format is maintained
  by Freescale, Inc. The configuration file is a derivative work
  of the Processor Expert Software technology licensed for use by customers
  as defined as SOFTWARE in the product's End User License Agreement. This file
  and format are free to use and distribute for read-only purposes. You do not have
  the right to create these files or modify this format or use for any purposes other
  than interchange with the Processor Expert Software technology.

  THIS SOFTWARE IS PROVIDED "AS IS".

  NO WARRANTIES, WHETHER EXPRESS, IMPLIED OR STATUTORY, INCLUDING, BUT NOT
  LIMITED TO, IMPLIED WARRANTIES OF MERCHANTABILITY AND FITNESS FOR A PARTICULAR
  PURPOSE APPLY TO THIS SOFTWARE. IN NO EVENT WILL FREESCALE BE LIABLE, WHETHER
  IN CONTRACT, TORT, OR OTHERWISE, FOR ANY INCIDENTAL, SPECIAL, INDIRECT,
  CONSEQUENTIAL OR PUNITIVE DAMAGES, INCLUDING, BUT NOT LIMITED TO, DAMAGES FOR
  ANY LOSS OF USE, LOSS OF TIME, INCONVENIENCE, COMMERCIAL LOSS, OR LOST PROFITS,
  SAVINGS, OR REVENUES TO THE FULL EXTENT SUCH MAY BE DISCLAIMED BY LAW.

-->
<export xmlns:xsi="http://www.w3.org/2001/XMLSchema-instance" xsi:noNamespaceSchemaLocation="ProjectInfoDescription.xsd">
  <PROCESSOR>
    <DeviceID>MKL25Z128xxx4</DeviceID>
    <CoreNum>1</CoreNum>
    <Cores>
      <Core>
        <CoreSet>Cortex-M0+</CoreSet>
      </Core>
    </Cores>
    <SRAMsize>16k</SRAMsize>
    <FLASHsize>128k</FLASHsize>
  </PROCESSOR>
  <PATHS>
    <LinkerCommandFile>/home/mayst/workspace.kds/FRDM-Motorshield/Project_Settings/Linker_Files/ProcessorExpert.ld</LinkerCommandFile>
    <IncludePaths>
      <Path>/home/mayst/workspace.kds/FRDM-Motorshield/SDK/platform/hal/inc/</Path>
      <Path>/home/mayst/workspace.kds/FRDM-Motorshield/SDK/platform/hal/src/sim/MKL25Z4/</Path>
      <Path>/home/mayst/workspace.kds/FRDM-Motorshield/SDK/platform/system/src/clock/MKL25Z4/</Path>
      <Path>/home/mayst/workspace.kds/FRDM-Motorshield/SDK/platform/system/inc/</Path>
      <Path>/home/mayst/workspace.kds/FRDM-Motorshield/SDK/platform/osa/inc/</Path>
      <Path>/home/mayst/workspace.kds/FRDM-Motorshield/SDK/platform/drivers/inc/</Path>
      <Path>/home/mayst/workspace.kds/FRDM-Motorshield/SDK/platform/CMSIS/Include/</Path>
      <Path>/home/mayst/workspace.kds/FRDM-Motorshield/SDK/platform/devices/</Path>
      <Path>/home/mayst/workspace.kds/FRDM-Motorshield/SDK/platform/devices/MKL25Z4/include/</Path>
      <Path>/home/mayst/workspace.kds/FRDM-Motorshield/SDK/platform/devices/MKL25Z4/startup/</Path>
      <Path>/home/mayst/workspace.kds/FRDM-Motorshield/Generated_Code/SDK/platform/devices/MKL25Z4/startup/</Path>
      <Path>/home/mayst/workspace.kds/FRDM-Motorshield/Sources/</Path>
      <Path>/home/mayst/workspace.kds/FRDM-Motorshield/Generated_Code/</Path>
    </IncludePaths>
    <SourceCodePaths>
      <Path>/home/mayst/workspace.kds/FRDM-Motorshield/Generated_Code/</Path>
      <Path>/home/mayst/workspace.kds/FRDM-Motorshield/SDK/platform/devices/MKL25Z4/startup/</Path>
      <Path>/home/mayst/workspace.kds/FRDM-Motorshield/SDK/platform/devices/</Path>
      <Path>/home/mayst/workspace.kds/FRDM-Motorshield/SDK/platform/drivers/src/gpio/</Path>
      <Path>/home/mayst/workspace.kds/FRDM-Motorshield/SDK/platform/drivers/src/lpsci/</Path>
      <Path>/home/mayst/workspace.kds/FRDM-Motorshield/SDK/platform/drivers/src/pit/</Path>
      <Path>/home/mayst/workspace.kds/FRDM-Motorshield/SDK/platform/drivers/src/rtc/</Path>
      <Path>/home/mayst/workspace.kds/FRDM-Motorshield/SDK/platform/drivers/src/tpm/</Path>
      <Path>/home/mayst/workspace.kds/FRDM-Motorshield/SDK/platform/hal/src/gpio/</Path>
      <Path>/home/mayst/workspace.kds/FRDM-Motorshield/SDK/platform/hal/src/lpsci/</Path>
      <Path>/home/mayst/workspace.kds/FRDM-Motorshield/SDK/platform/hal/src/mcg/</Path>
      <Path>/home/mayst/workspace.kds/FRDM-Motorshield/SDK/platform/hal/src/osc/</Path>
      <Path>/home/mayst/workspace.kds/FRDM-Motorshield/SDK/platform/hal/src/pit/</Path>
      <Path>/home/mayst/workspace.kds/FRDM-Motorshield/SDK/platform/hal/src/port/</Path>
      <Path>/home/mayst/workspace.kds/FRDM-Motorshield/SDK/platform/hal/src/rtc/</Path>
      <Path>/home/mayst/workspace.kds/FRDM-Motorshield/SDK/platform/hal/src/sim/MKL25Z4/</Path>
      <Path>/home/mayst/workspace.kds/FRDM-Motorshield/SDK/platform/hal/src/tpm/</Path>
      <Path>/home/mayst/workspace.kds/FRDM-Motorshield/SDK/platform/osa/src/</Path>
      <Path>/home/mayst/workspace.kds/FRDM-Motorshield/SDK/platform/system/src/clock/MKL25Z4/</Path>
      <Path>/home/mayst/workspace.kds/FRDM-Motorshield/SDK/platform/system/src/clock/</Path>
      <Path>/home/mayst/workspace.kds/FRDM-Motorshield/SDK/platform/system/src/hwtimer/</Path>
      <Path>/home/mayst/workspace.kds/FRDM-Motorshield/SDK/platform/system/src/interrupt/</Path>
      <Path>/home/mayst/workspace.kds/FRDM-Motorshield/Sources/</Path>
      <Path>/home/mayst/workspace.kds/FRDM-Motorshield/Static_Code/System/</Path>
      <Path>/home/mayst/workspace.kds/FRDM-Motorshield/SDK/platform/devices/MKL25Z4/startup/gcc/</Path>
    </SourceCodePaths>
  </PATHS>
  <FILES>
    <GeneratedCs>
      <PathName>/home/mayst/workspace.kds/FRDM-Motorshield/Generated_Code/Cpu.c</PathName>
      <PathName>/home/mayst/workspace.kds/FRDM-Motorshield/Generated_Code/clockMan1.c</PathName>
      <PathName>/home/mayst/workspace.kds/FRDM-Motorshield/Generated_Code/gpioEncEnable.c</PathName>
      <PathName>/home/mayst/workspace.kds/FRDM-Motorshield/Generated_Code/gpioEncM1.c</PathName>
      <PathName>/home/mayst/workspace.kds/FRDM-Motorshield/Generated_Code/gpioEncM2.c</PathName>
      <PathName>/home/mayst/workspace.kds/FRDM-Motorshield/Generated_Code/gpioFault.c</PathName>
      <PathName>/home/mayst/workspace.kds/FRDM-Motorshield/Generated_Code/gpioHBrigdeEnable.c</PathName>
      <PathName>/home/mayst/workspace.kds/FRDM-Motorshield/Generated_Code/hardware_init.c</PathName>
      <PathName>/home/mayst/workspace.kds/FRDM-Motorshield/Generated_Code/hwTim1.c</PathName>
      <PathName>/home/mayst/workspace.kds/FRDM-Motorshield/Generated_Code/lpsciCom1.c</PathName>
      <PathName>/home/mayst/workspace.kds/FRDM-Motorshield/Generated_Code/osa1.c</PathName>
      <PathName>/home/mayst/workspace.kds/FRDM-Motorshield/Generated_Code/pin_init.c</PathName>
      <PathName>/home/mayst/workspace.kds/FRDM-Motorshield/Generated_Code/pwm.c</PathName>
      <PathName>/home/mayst/workspace.kds/FRDM-Motorshield/SDK/platform/devices/MKL25Z4/startup/system_MKL25Z4.c</PathName>
      <PathName>/home/mayst/workspace.kds/FRDM-Motorshield/SDK/platform/devices/startup.c</PathName>
      <PathName>/home/mayst/workspace.kds/FRDM-Motorshield/SDK/platform/drivers/src/gpio/fsl_gpio_common.c</PathName>
      <PathName>/home/mayst/workspace.kds/FRDM-Motorshield/SDK/platform/drivers/src/gpio/fsl_gpio_driver.c</PathName>
      <PathName>/home/mayst/workspace.kds/FRDM-Motorshield/SDK/platform/drivers/src/lpsci/fsl_lpsci_common.c</PathName>
      <PathName>/home/mayst/workspace.kds/FRDM-Motorshield/SDK/platform/drivers/src/lpsci/fsl_lpsci_driver.c</PathName>
      <PathName>/home/mayst/workspace.kds/FRDM-Motorshield/SDK/platform/drivers/src/pit/fsl_pit_common.c</PathName>
      <PathName>/home/mayst/workspace.kds/FRDM-Motorshield/SDK/platform/drivers/src/rtc/fsl_rtc_common.c</PathName>
      <PathName>/home/mayst/workspace.kds/FRDM-Motorshield/SDK/platform/drivers/src/tpm/fsl_tpm_common.c</PathName>
      <PathName>/home/mayst/workspace.kds/FRDM-Motorshield/SDK/platform/drivers/src/tpm/fsl_tpm_driver.c</PathName>
      <PathName>/home/mayst/workspace.kds/FRDM-Motorshield/SDK/platform/hal/src/gpio/fsl_gpio_hal.c</PathName>
      <PathName>/home/mayst/workspace.kds/FRDM-Motorshield/SDK/platform/hal/src/lpsci/fsl_lpsci_hal.c</PathName>
      <PathName>/home/mayst/workspace.kds/FRDM-Motorshield/SDK/platform/hal/src/mcg/fsl_mcg_hal.c</PathName>
      <PathName>/home/mayst/workspace.kds/FRDM-Motorshield/SDK/platform/hal/src/mcg/fsl_mcg_hal_modes.c</PathName>
      <PathName>/home/mayst/workspace.kds/FRDM-Motorshield/SDK/platform/hal/src/osc/fsl_osc_hal.c</PathName>
      <PathName>/home/mayst/workspace.kds/FRDM-Motorshield/SDK/platform/hal/src/pit/fsl_pit_hal.c</PathName>
      <PathName>/home/mayst/workspace.kds/FRDM-Motorshield/SDK/platform/hal/src/port/fsl_port_hal.c</PathName>
      <PathName>/home/mayst/workspace.kds/FRDM-Motorshield/SDK/platform/hal/src/rtc/fsl_rtc_hal.c</PathName>
      <PathName>/home/mayst/workspace.kds/FRDM-Motorshield/SDK/platform/hal/src/sim/MKL25Z4/fsl_sim_hal_MKL25Z4.c</PathName>
      <PathName>/home/mayst/workspace.kds/FRDM-Motorshield/SDK/platform/hal/src/tpm/fsl_tpm_hal.c</PathName>
      <PathName>/home/mayst/workspace.kds/FRDM-Motorshield/SDK/platform/osa/src/fsl_os_abstraction_bm.c</PathName>
      <PathName>/home/mayst/workspace.kds/FRDM-Motorshield/SDK/platform/system/src/clock/MKL25Z4/fsl_clock_MKL25Z4.c</PathName>
      <PathName>/home/mayst/workspace.kds/FRDM-Motorshield/SDK/platform/system/src/clock/fsl_clock_manager.c</PathName>
      <PathName>/home/mayst/workspace.kds/FRDM-Motorshield/SDK/platform/system/src/clock/fsl_clock_manager_common.c</PathName>
      <PathName>/home/mayst/workspace.kds/FRDM-Motorshield/SDK/platform/system/src/hwtimer/fsl_hwtimer.c</PathName>
      <PathName>/home/mayst/workspace.kds/FRDM-Motorshield/SDK/platform/system/src/hwtimer/fsl_hwtimer_pit.c</PathName>
      <PathName>/home/mayst/workspace.kds/FRDM-Motorshield/SDK/platform/system/src/interrupt/fsl_interrupt_manager.c</PathName>
      <PathName>/home/mayst/workspace.kds/FRDM-Motorshield/Sources/Command.c</PathName>
      <PathName>/home/mayst/workspace.kds/FRDM-Motorshield/Sources/Encoder.c</PathName>
      <PathName>/home/mayst/workspace.kds/FRDM-Motorshield/Sources/EulerController.c</PathName>
      <PathName>/home/mayst/workspace.kds/FRDM-Motorshield/Sources/Events.c</PathName>
      <PathName>/home/mayst/workspace.kds/FRDM-Motorshield/Sources/Motor.c</PathName>
      <PathName>/home/mayst/workspace.kds/FRDM-Motorshield/Sources/PIDController.c</PathName>
      <PathName>/home/mayst/workspace.kds/FRDM-Motorshield/Sources/Timer.c</PathName>
      <PathName>/home/mayst/workspace.kds/FRDM-Motorshield/Sources/main.c</PathName>
      <PathName>/home/mayst/workspace.kds/FRDM-Motorshield/Static_Code/System/PE_low_level_init.c</PathName>
    </GeneratedCs>
    <GeneratedHs>
      <PathName>/home/mayst/workspace.kds/FRDM-Motorshield/Generated_Code/Cpu.h</PathName>
      <PathName>/home/mayst/workspace.kds/FRDM-Motorshield/Generated_Code/PE_low_level_init.h</PathName>
      <PathName>/home/mayst/workspace.kds/FRDM-Motorshield/Generated_Code/SDK/platform/devices/MKL25Z4/startup/system_MKL25Z4.h</PathName>
      <PathName>/home/mayst/workspace.kds/FRDM-Motorshield/Generated_Code/board.h</PathName>
      <PathName>/home/mayst/workspace.kds/FRDM-Motorshield/Generated_Code/clockMan1.h</PathName>
      <PathName>/home/mayst/workspace.kds/FRDM-Motorshield/Generated_Code/gpioEncEnable.h</PathName>
      <PathName>/home/mayst/workspace.kds/FRDM-Motorshield/Generated_Code/gpioEncM1.h</PathName>
      <PathName>/home/mayst/workspace.kds/FRDM-Motorshield/Generated_Code/gpioEncM2.h</PathName>
      <PathName>/home/mayst/workspace.kds/FRDM-Motorshield/Generated_Code/gpioFault.h</PathName>
      <PathName>/home/mayst/workspace.kds/FRDM-Motorshield/Generated_Code/gpioHBrigdeEnable.h</PathName>
      <PathName>/home/mayst/workspace.kds/FRDM-Motorshield/Generated_Code/hwTim1.h</PathName>
      <PathName>/home/mayst/workspace.kds/FRDM-Motorshield/Generated_Code/lpsciCom1.h</PathName>
      <PathName>/home/mayst/workspace.kds/FRDM-Motorshield/Generated_Code/osa1.h</PathName>
      <PathName>/home/mayst/workspace.kds/FRDM-Motorshield/Generated_Code/pin_init.h</PathName>
      <PathName>/home/mayst/workspace.kds/FRDM-Motorshield/Generated_Code/pwm.h</PathName>
      <PathName>/home/mayst/workspace.kds/FRDM-Motorshield/SDK/platform/CMSIS/Include/arm_common_tables.h</PathName>
      <PathName>/home/mayst/workspace.kds/FRDM-Motorshield/SDK/platform/CMSIS/Include/arm_const_structs.h</PathName>
      <PathName>/home/mayst/workspace.kds/FRDM-Motorshield/SDK/platform/CMSIS/Include/arm_math.h</PathName>
      <PathName>/home/mayst/workspace.kds/FRDM-Motorshield/SDK/platform/CMSIS/Include/core_cm0plus.h</PathName>
      <PathName>/home/mayst/workspace.kds/FRDM-Motorshield/SDK/platform/CMSIS/Include/core_cmFunc.h</PathName>
      <PathName>/home/mayst/workspace.kds/FRDM-Motorshield/SDK/platform/CMSIS/Include/core_cmInstr.h</PathName>
      <PathName>/home/mayst/workspace.kds/FRDM-Motorshield/SDK/platform/CMSIS/Include/core_cmSimd.h</PathName>
      <PathName>/home/mayst/workspace.kds/FRDM-Motorshield/SDK/platform/devices/MKL25Z4/include/MKL25Z4.h</PathName>
      <PathName>/home/mayst/workspace.kds/FRDM-Motorshield/SDK/platform/devices/MKL25Z4/include/MKL25Z4_extension.h</PathName>
      <PathName>/home/mayst/workspace.kds/FRDM-Motorshield/SDK/platform/devices/MKL25Z4/include/MKL25Z4_features.h</PathName>
      <PathName>/home/mayst/workspace.kds/FRDM-Motorshield/SDK/platform/devices/MKL25Z4/include/fsl_bitaccess.h</PathName>
      <PathName>/home/mayst/workspace.kds/FRDM-Motorshield/SDK/platform/devices/fsl_device_registers.h</PathName>
      <PathName>/home/mayst/workspace.kds/FRDM-Motorshield/SDK/platform/devices/startup.h</PathName>
      <PathName>/home/mayst/workspace.kds/FRDM-Motorshield/SDK/platform/drivers/inc/fsl_gpio_driver.h</PathName>
      <PathName>/home/mayst/workspace.kds/FRDM-Motorshield/SDK/platform/drivers/inc/fsl_lpsci_driver.h</PathName>
      <PathName>/home/mayst/workspace.kds/FRDM-Motorshield/SDK/platform/drivers/inc/fsl_tpm_driver.h</PathName>
      <PathName>/home/mayst/workspace.kds/FRDM-Motorshield/SDK/platform/hal/inc/fsl_gpio_hal.h</PathName>
      <PathName>/home/mayst/workspace.kds/FRDM-Motorshield/SDK/platform/hal/inc/fsl_lpsci_hal.h</PathName>
      <PathName>/home/mayst/workspace.kds/FRDM-Motorshield/SDK/platform/hal/inc/fsl_mcg_hal.h</PathName>
      <PathName>/home/mayst/workspace.kds/FRDM-Motorshield/SDK/platform/hal/inc/fsl_mcg_hal_modes.h</PathName>
      <PathName>/home/mayst/workspace.kds/FRDM-Motorshield/SDK/platform/hal/inc/fsl_osc_hal.h</PathName>
      <PathName>/home/mayst/workspace.kds/FRDM-Motorshield/SDK/platform/hal/inc/fsl_pit_hal.h</PathName>
      <PathName>/home/mayst/workspace.kds/FRDM-Motorshield/SDK/platform/hal/inc/fsl_port_hal.h</PathName>
      <PathName>/home/mayst/workspace.kds/FRDM-Motorshield/SDK/platform/hal/inc/fsl_rtc_hal.h</PathName>
      <PathName>/home/mayst/workspace.kds/FRDM-Motorshield/SDK/platform/hal/inc/fsl_sim_hal.h</PathName>
      <PathName>/home/mayst/workspace.kds/FRDM-Motorshield/SDK/platform/hal/inc/fsl_tpm_hal.h</PathName>
      <PathName>/home/mayst/workspace.kds/FRDM-Motorshield/SDK/platform/hal/src/sim/MKL25Z4/fsl_sim_hal_MKL25Z4.h</PathName>
      <PathName>/home/mayst/workspace.kds/FRDM-Motorshield/SDK/platform/osa/inc/fsl_os_abstraction.h</PathName>
      <PathName>/home/mayst/workspace.kds/FRDM-Motorshield/SDK/platform/osa/inc/fsl_os_abstraction_bm.h</PathName>
      <PathName>/home/mayst/workspace.kds/FRDM-Motorshield/SDK/platform/system/inc/fsl_clock_manager.h</PathName>
      <PathName>/home/mayst/workspace.kds/FRDM-Motorshield/SDK/platform/system/inc/fsl_hwtimer.h</PathName>
      <PathName>/home/mayst/workspace.kds/FRDM-Motorshield/SDK/platform/system/inc/fsl_hwtimer_pit.h</PathName>
      <PathName>/home/mayst/workspace.kds/FRDM-Motorshield/SDK/platform/system/inc/fsl_interrupt_manager.h</PathName>
      <PathName>/home/mayst/workspace.kds/FRDM-Motorshield/SDK/platform/system/src/clock/MKL25Z4/fsl_clock_MKL25Z4.h</PathName>
      <PathName>/home/mayst/workspace.kds/FRDM-Motorshield/Sources/Command.h</PathName>
      <PathName>/home/mayst/workspace.kds/FRDM-Motorshield/Sources/Encoder.h</PathName>
      <PathName>/home/mayst/workspace.kds/FRDM-Motorshield/Sources/EulerController.h</PathName>
      <PathName>/home/mayst/workspace.kds/FRDM-Motorshield/Sources/Events.h</PathName>
      <PathName>/home/mayst/workspace.kds/FRDM-Motorshield/Sources/Motor.h</PathName>
      <PathName>/home/mayst/workspace.kds/FRDM-Motorshield/Sources/PIDController.h</PathName>
      <PathName>/home/mayst/workspace.kds/FRDM-Motorshield/Sources/Timer.h</PathName>
    </GeneratedHs>
    <GeneratedASMs>
      <PathName>/home/mayst/workspace.kds/FRDM-Motorshield/SDK/platform/devices/MKL25Z4/startup/gcc/startup_MKL25Z4.S</PathName>
    </GeneratedASMs>
  </FILES>
  <OPTIONS>
    <BuildOptions>
      <CCoptList>
        <Option>-D CPU_MKL25Z128VLK4</Option>
        <Option>-D FSL_OSA_BM_TIMER_CONFIG=2</Option>  
      </CCoptList>
    </BuildOptions>
  </OPTIONS>
</export>
